{
    "type": "service_account",
    "project_id": "family-tree-demo",
    "private_key_id": "dummy",
    "private_key": "-----BEGIN PRIVATE KEY-----\nMIIEvQIBADANBgkqhkiG9w0BAQEFAASCBKcwggSjAgEAAoIBAQD\n-----END PRIVATE KEY-----\n",
    "client_email": "firebase-adminsdk-dummy@family-tree-demo.iam.gserviceaccount.com",
    "client_id": "123456789",
    "auth_uri": "https://accounts.google.com/o/oauth2/auth",
    "token_uri": "https://oauth2.googleapis.com/token",
    "auth_provider_x509_cert_url": "https://www.googleapis.com/oauth2/v1/certs",
    "client_x509_cert_url": "https://www.googleapis.com/robot/v1/metadata/x509/firebase-adminsdk-dummy%40family-tree-demo.iam.gserviceaccount.com"
}